model,target_fpr_budget_pct,n_seeds,attack_precision_mean,attack_precision_sd,attack_precision_ci95_low,attack_precision_ci95_high,attack_recall_mean,attack_recall_sd,attack_recall_ci95_low,attack_recall_ci95_high,attack_f1_mean,attack_f1_sd,attack_f1_ci95_low,attack_f1_ci95_high,fpr_mean,fpr_sd,fpr_ci95_low,fpr_ci95_high,alerts_per_1k_normals_mean,alerts_per_1k_normals_sd,alerts_per_1k_normals_ci95_low,alerts_per_1k_normals_ci95_high,raw_false_triggers_per_day_mean,raw_false_triggers_per_day_sd,raw_false_triggers_per_day_ci95_low,raw_false_triggers_per_day_ci95_high,mean_seconds_between_raw_false_triggers_mean,mean_seconds_between_raw_false_triggers_sd,mean_seconds_between_raw_false_triggers_ci95_low,mean_seconds_between_raw_false_triggers_ci95_high,dos_recall_mean,dos_recall_sd,dos_recall_ci95_low,dos_recall_ci95_high,fdi_recall_mean,fdi_recall_sd,fdi_recall_ci95_low,fdi_recall_ci95_high,roc_auc_mean,roc_auc_sd,roc_auc_ci95_low,roc_auc_ci95_high,pr_auc_mean,pr_auc_sd,pr_auc_ci95_low,pr_auc_ci95_high
Dense AE,0.01,10,0.9994523895445221,9.060726709602095e-05,0.9993875730102738,0.9995172060787704,0.7413397643615512,0.0006440548682846851,0.7408790352636998,0.7418004934594027,0.8512603691917129,0.00044017063241431556,0.8509454900900099,0.8515752482934159,0.00030416890320271965,5.023224347803129e-05,0.00026823492092831007,0.00034010288547712923,0.3041689032027196,0.05023224347803131,0.26823492092831,0.3401028854771292,262.8019323671498,43.40065836501905,231.75497168205993,293.84889305223965,336.671261403113,53.32587690544898,298.5242270918585,374.81829571436754,0.7326383988709987,8.391137712637698e-05,0.7325783722878818,0.7326984254541156,0.7489200592360781,0.0012098291599133251,0.7480545995914893,0.7497855188806668,0.892376760292507,0.0011555177368651583,0.8915501526994689,0.8932033678855451,0.9116690255217611,0.0010995501857047412,0.9108824547029559,0.9124555963405663
Dense AE,0.02,10,0.9992618045916035,0.00012067071796816663,0.9991754819601566,0.9993481272230504,0.7417907327489659,0.0006753105104742295,0.7413076447116236,0.7422738207863082,0.8514883702424306,0.0004289372592228216,0.8511815270118175,0.8517952134730438,0.00041040436571837535,6.731317139624387e-05,0.0003622514236972853,0.00045855730773946543,0.41040436571837535,0.06731317139624386,0.3622514236972853,0.4585573077394654,354.5893719806764,58.15858008635471,312.9852300744546,396.1935138868982,250.3257275179288,46.184558674761725,217.28728452073065,283.364170515127,0.7328115979216113,0.00029326138817530945,0.7326018113623256,0.733021384480897,0.7496130095839504,0.0011492285485430053,0.7487909010052115,0.7504351181626893,0.892376760292507,0.0011555177368651583,0.8915501526994689,0.8932033678855451,0.9116690255217611,0.0010995501857047412,0.9108824547029559,0.9124555963405663
Dense AE,0.05,10,0.9990035807844077,0.000199271282832422,0.9988610306960718,0.9991461308727435,0.7424940642405962,0.0008264335286838613,0.7419028693085264,0.7430852591726659,0.851857584991121,0.0005173324858058519,0.8514875076247168,0.8522276623575251,0.0005546609411343711,0.00011122879406905388,0.0004750926551542845,0.0006342292271144577,0.5546609411343711,0.1112287940690539,0.47509265515428456,0.6342292271144577,479.22705314009664,96.10167807566255,410.48005405330184,547.9740522268914,186.55381072496243,35.39666992469664,161.23255844596656,211.8750630039583,0.7333600615818846,0.00044751741187240416,0.7330399269107596,0.7336801962530096,0.7504512559725055,0.0013624635932117382,0.7494766082319679,0.7514259037130431,0.892376760292507,0.0011555177368651583,0.8915501526994689,0.8932033678855451,0.9116690255217611,0.0010995501857047412,0.9108824547029559,0.9124555963405663
Dense AE,0.1,10,0.9985420256965527,0.00029428489545048716,0.9983315069642693,0.9987525444288361,0.7445712067137545,0.0006644290273513288,0.7440959028205114,0.7450465106069977,0.8530547924206386,0.0005080739518875311,0.8526913382104121,0.8534182466308652,0.0008140991232778673,0.00016399569955360388,0.0006967836670527066,0.000931414579503028,0.8140991232778673,0.16399569955360388,0.6967836670527064,0.9314145795030281,703.3816425120774,141.69228441431372,602.0210883335385,804.7421966906163,126.22256915730864,19.05477222729184,112.5916062528174,139.85353206179988,0.7350952594778369,0.0008062969469457296,0.7345184693885762,0.7356720495670976,0.7528262874067452,0.000780303776943541,0.7522680917111536,0.7533844831023367,0.892376760292507,0.0011555177368651583,0.8915501526994689,0.8932033678855451,0.9116690255217611,0.0010995501857047412,0.9108824547029559,0.9124555963405663
Dense AE,0.2,10,0.99677362328824,0.0006632094826996491,0.9962991918046856,0.9972480547717945,0.7476488419669389,0.0023590433728267165,0.745961283998703,0.7493363999351749,0.8544209191330061,0.0017510259525154038,0.8531683106253404,0.8556735276406718,0.0018115942028985505,0.00036916020764418044,0.0015475128989507216,0.0020756755068463795,1.8115942028985508,0.36916020764418045,1.5475128989507216,2.07567550684638,1565.217391304348,318.9544194045719,1337.0511446934238,1793.3836379152722,57.260431047596796,11.446777705182717,49.0718995650833,65.4489625301103,0.737831162999551,0.0026615302232604913,0.7359272189738919,0.7397351070252101,0.7562016261979938,0.002138012190928844,0.7546721844121634,0.7577310679838242,0.892376760292507,0.0011555177368651583,0.8915501526994689,0.8932033678855451,0.9116690255217611,0.0010995501857047412,0.9108824547029559,0.9124555963405663
Dense AE,0.5,10,0.9910809684339684,0.0005834242684217116,0.9906636118544421,0.9914983250134948,0.7519494676482446,0.004325062749383441,0.7488555041417166,0.7550434311547725,0.8551060033790367,0.002921053825471627,0.8530164073522736,0.8571955994057999,0.005066872427983539,0.0003192867916630409,0.004838468416582166,0.005295276439384913,5.066872427983538,0.3192867916630409,4.838468416582165,5.295276439384912,4377.777777777778,275.8637879968674,4180.436711926992,4575.118843628565,19.804428404933322,1.2086894038284868,18.93978409273105,20.669072717135595,0.7417088972993778,0.004438190058285302,0.7385340073911731,0.7448837872075825,0.760870658582246,0.004227313712067772,0.7578466205246138,0.7638946966398782,0.892376760292507,0.0011555177368651583,0.8915501526994689,0.8932033678855451,0.9116690255217611,0.0010995501857047412,0.9108824547029559,0.9124555963405663
Dense AE,1.0,10,0.9820912539893941,0.0012340368697522249,0.9812084771923945,0.9829740307863938,0.7544954977824898,0.003683642009492893,0.7518603790318754,0.7571306165331042,0.8533754140866954,0.0026164271431616975,0.8515037348608655,0.8552470933125252,0.010302603327965646,0.0006995121821583951,0.009802202457648028,0.010803004198283265,10.302603327965645,0.6995121821583953,9.802202457648027,10.803004198283263,8901.449275362316,604.3785253848532,8469.102923407894,9333.795627316738,9.746250396684797,0.6548041003531333,9.277831761439275,10.214669031930319,0.7442619796010008,0.0038020220960872948,0.7415421768379117,0.74698178236409,0.7634105451395681,0.003583836603059667,0.7608468228756989,0.7659742674034372,0.892376760292507,0.0011555177368651583,0.8915501526994689,0.8932033678855451,0.9116690255217611,0.0010995501857047412,0.9108824547029559,0.9124555963405663
Dense AE,2.0,10,0.9639236117955194,0.0018902466194074812,0.9625714108223385,0.9652758127687003,0.7563068376961787,0.0040998985660090975,0.7533739469432048,0.7592397284491526,0.8475805935943663,0.0027482501046302947,0.8456146139026844,0.8495465732860482,0.021199006977992485,0.0011437482247370465,0.02038081878673515,0.02201719516924982,21.199006977992486,1.143748224737047,20.38081878673515,22.01719516924982,18315.94202898551,988.1984661728086,17609.027431739174,19022.85662623185,4.730103962244642,0.2659005398911917,4.539890174732149,4.920317749757134,0.7463660273269613,0.004262217622200472,0.7433170205161703,0.7494150341377523,0.7649668892676521,0.003963328838890483,0.762131694612119,0.7678020839231852,0.892376760292507,0.0011555177368651583,0.8915501526994689,0.8932033678855451,0.9116690255217611,0.0010995501857047412,0.9108824547029559,0.9124555963405663
Dense AE,5.0,10,0.9158662360833768,0.004840420071501141,0.9124036081574295,0.9193288640093241,0.7610196066719428,0.006843693869959482,0.7561239229997182,0.7659152903441674,0.8312607446637562,0.0030240323102295697,0.8290974822667551,0.8334240070607574,0.05238750223653606,0.0036363033600940405,0.049786247515688456,0.05498875695738366,52.38750223653606,3.6363033600940398,49.78624751568845,54.988756957383664,45262.80193236715,3141.7661031212506,43015.317853554814,47510.28601117948,1.9172239008879994,0.13422475625894634,1.821205294545933,2.013242507230066,0.7513342741676823,0.0069484802191476635,0.7463636308569145,0.7563049174784501,0.7694570957556792,0.0067592295211397705,0.7646218342386911,0.7742923572726673,0.892376760292507,0.0011555177368651583,0.8915501526994689,0.8932033678855451,0.9116690255217611,0.0010995501857047412,0.9108824547029559,0.9124555963405663
Dense AE,10.0,10,0.8438006927742758,0.006278321299610945,0.8393094522746964,0.8482919332738552,0.7834873893111532,0.007619356267127706,0.7780368301864126,0.7889379484358939,0.8124816150451565,0.0030702409832846795,0.8102852969547696,0.8146779331355434,0.10867664161746286,0.005944968830066035,0.10442386710909478,0.11292941612583095,108.67664161746288,5.944968830066035,104.4238671090948,112.92941612583095,93896.61835748793,5136.453069177055,90222.2211822579,97571.01553271795,0.9226078018656952,0.049721431789072214,0.8870392322606331,0.9581763714707574,0.7752742318301367,0.008442326215962003,0.769234955469091,0.7813135081911823,0.7906423761490962,0.006924419682547798,0.7856889447093464,0.795595807588846,0.892376760292507,0.0011555177368651583,0.8915501526994689,0.8932033678855451,0.9116690255217611,0.0010995501857047412,0.9108824547029559,0.9124555963405663
Hybrid AE,0.01,10,0.9993924154873435,0.00012776772188695005,0.9993010159651315,0.9994838150095554,0.5623635521973511,0.12622353344201057,0.4720686758535897,0.6526584285411126,0.7121625107346404,0.10426614162752028,0.6375750062624784,0.7867500152068024,0.00024713723385220976,3.8899013980421545e-05,0.00021931055556586579,0.00027496391213855374,0.24713723385220976,0.03889901398042155,0.21931055556586576,0.27496391213855376,213.52657004830922,33.60874807908422,189.484320008908,237.56882008771044,411.19071428571425,46.288968635593264,378.0775809019831,444.3038476694454,0.7327121688370004,0.00015288931988449703,0.7326027984061719,0.7328215392678289,0.4139623906787001,0.236095685826703,0.24506971135268774,0.5828550700047125,0.8775466975515774,0.003887799301040312,0.8747655334725504,0.8803278616306045,0.9014918645728859,0.002200952041604224,0.8999173983302141,0.9030663308155576
Hybrid AE,0.02,10,0.9994562707944002,0.00012167645490781518,0.9993692287020879,0.9995433128867126,0.6487060791135933,0.0853762047186158,0.5876316214625663,0.7097805367646204,0.7836290925190708,0.06722440705967621,0.7355396486791483,0.8317185363589932,0.00026167471819645737,6.174712005978605e-05,0.00021750348943788965,0.0003058459469550251,0.2616747181964573,0.061747120059786054,0.2175034894378896,0.30584594695502504,226.0869565217391,53.34951173165516,187.9230148743366,264.2508981691416,394.7297502497503,59.4650654588888,352.19100500973656,437.268495489764,0.7328597087690039,0.0001903231478764309,0.7327235597908044,0.7329958577472033,0.575394674341278,0.15968801886460396,0.46116074724570977,0.6896286014368462,0.8775466975515774,0.003887799301040312,0.8747655334725504,0.8803278616306045,0.9014918645728859,0.002200952041604224,0.8999173983302141,0.9030663308155576
Hybrid AE,0.05,10,0.9993595869556678,0.00016694482844185088,0.9992401618197259,0.9994790120916098,0.6951916615646513,0.0353543089519813,0.6699007125000309,0.7204826106292717,0.8195036375217445,0.02516931254947891,0.8014985959709406,0.8375086790725483,0.00033436213991769553,9.407197835913686e-05,0.00026706710054016404,0.00040165717929522703,0.33436213991769553,0.09407197835913687,0.267067100540164,0.40165717929522704,288.88888888888886,81.27818930229425,230.74597486670166,347.03180291107606,314.4365559750595,62.72184571117118,269.56805049034665,359.30506145977233,0.7332413881583167,0.00023374613626142666,0.7330741762454982,0.7334086000711353,0.6620442035262232,0.0661277207397072,0.6147392818189741,0.7093491252334723,0.8775466975515774,0.003887799301040312,0.8747655334725504,0.8803278616306045,0.9014918645728859,0.002200952041604224,0.8999173983302141,0.9030663308155576
Hybrid AE,0.1,10,0.9988689814809669,0.0002647477251446217,0.9986795923674447,0.9990583705944891,0.7304433526961042,0.01846232559879409,0.7172362005787278,0.7436505048134805,0.8437020488182745,0.012629328887035914,0.8346675711811585,0.8527365264553904,0.0006195204866702452,0.00014771676781591232,0.000513850276685467,0.0007251906966550233,0.6195204866702451,0.14771676781591234,0.5138502766854669,0.7251906966550232,535.2657004830918,127.62728739294828,443.9666390562435,626.5647619099401,170.2058055726763,42.2570771834849,139.97691358333498,200.43469756201762,0.7351305407659247,0.0003747906644871255,0.7348624316757905,0.7353986498560589,0.7263600547654308,0.034491929855591054,0.701686014542978,0.7510340949878835,0.8775466975515774,0.003887799301040312,0.8747655334725504,0.8803278616306045,0.9014918645728859,0.002200952041604224,0.8999173983302141,0.9030663308155576
Hybrid AE,0.2,10,0.9968468093641926,0.0002808704239244307,0.9966458867667554,0.9970477319616298,0.7432586199172727,0.0060549252875662235,0.7389271872976758,0.7475900525368696,0.8515626450392725,0.004052645920726832,0.8486635567924267,0.8544617332861183,0.001760153873680444,0.00015134077580906315,0.0016518912045504724,0.0018684165428104155,1.7601538736804436,0.15134077580906313,1.6518912045504721,1.8684165428104151,1520.7729468599032,130.75843029903058,1427.234000731608,1614.3118929881985,57.21143690140944,5.170976178717548,53.51234338135404,60.91053042146484,0.7372538328308422,0.001137350261314274,0.7364402214669035,0.738067444194781,0.7484897594232864,0.010725235951978822,0.7408173878168736,0.7561621310296993,0.8775466975515774,0.003887799301040312,0.8747655334725504,0.8803278616306045,0.9014918645728859,0.002200952041604224,0.8999173983302141,0.9030663308155576
Hybrid AE,0.5,10,0.991269968387587,0.0003826413810685518,0.9909962432331294,0.9915436935420445,0.7522018307524602,0.0038190177508051304,0.7494698700303971,0.7549337914745232,0.8553405454761492,0.0025330425339655984,0.8535285160063595,0.857152574945939,0.004960636965467883,0.00021054610971675132,0.004810021351856747,0.005111252579079018,4.9606369654678835,0.2105461097167514,4.810021351856748,5.111252579079019,4285.990338164251,181.91183879527318,4155.85844800423,4416.122228324271,20.191126528116307,0.8498590112797779,19.583174015295917,20.799079040936697,0.74331900699211,0.0030603197970916697,0.7411297860907817,0.7455082278934382,0.7599402050909498,0.004575484489832333,0.7566671006629866,0.7632133095189131,0.8775466975515774,0.003887799301040312,0.8747655334725504,0.8803278616306045,0.9014918645728859,0.002200952041604224,0.8999173983302141,0.9030663308155576
Hybrid AE,1.0,10,0.9814025530582455,0.001344892276840152,0.9804404750802214,0.9823646310362697,0.7551719503636118,0.001933891740284056,0.7537885275518,0.7565553731754237,0.8535489527603465,0.0010551165845604626,0.852794167824977,0.854303737695716,0.010718599033816428,0.0008051745503053486,0.010142611858743673,0.011294586208889183,10.718599033816426,0.8051745503053486,10.14261185874367,11.294586208889182,9260.86956521739,695.6708114638211,8763.21664595453,9758.52248448025,9.375281825695712,0.6783147705655139,8.890044670149765,9.86051898124166,0.7453781512605042,0.0013803125908245098,0.7443907351162596,0.7463655674047488,0.7637039313755623,0.0024297116364637226,0.7619658203769006,0.7654420423742239,0.8775466975515774,0.003887799301040312,0.8747655334725504,0.8803278616306045,0.9014918645728859,0.002200952041604224,0.8999173983302141,0.9030663308155576
Hybrid AE,2.0,10,0.9585239682040978,0.006016960175667812,0.9542196941894834,0.9628282422187122,0.7584287783535173,0.00037895342481389176,0.7581576914040354,0.7586998653029992,0.8468092406165842,0.0023631229835179837,0.8451187642706667,0.8484997169625018,0.02459742351046699,0.00374106740411229,0.021921225107233516,0.02727362191370046,24.59742351046699,3.74106740411229,21.921225107233514,27.273621913700463,21252.17391304348,3232.282237153019,18939.93849264976,23564.4093334372,4.141871566645047,0.5614609815580012,3.7402265760544635,4.543516557235631,0.7483674385784849,0.00048388022748464875,0.7480212915160911,0.7487135856408786,0.7671938305065803,0.00036298925762738435,0.7669341636343434,0.7674534973788172,0.8775466975515774,0.003887799301040312,0.8747655334725504,0.8803278616306045,0.9014918645728859,0.002200952041604224,0.8999173983302141,0.9030663308155576
Hybrid AE,5.0,10,0.9023560070059504,0.00692970440991978,0.8973987950999789,0.907313218911922,0.764896142876342,0.0023870349719416067,0.76318856092437,0.766603724828314,0.8279449955979377,0.0029858463653669428,0.825809049780305,0.8300809414155703,0.062020263016639834,0.004953868316219884,0.058476479105362675,0.065564046927917,62.02026301663983,4.953868316219886,58.476479105362664,65.56404692791699,53585.507246376816,4280.142225213979,50523.67794703335,56647.33654572028,1.6210358626328838,0.12077666553205296,1.5346374408644206,1.707434284401347,0.7554910513823849,0.002582034029154641,0.7536439755081779,0.757338127256592,0.7730894967727513,0.0022396446450822513,0.7714873515089715,0.7746916420365311,0.8775466975515774,0.003887799301040312,0.8747655334725504,0.8803278616306045,0.9014918645728859,0.002200952041604224,0.8999173983302141,0.9030663308155576
Hybrid AE,10.0,10,0.835316172962896,0.006329259007418502,0.830788493822262,0.8398438521035299,0.7749294428599162,0.0034266412053502743,0.7724781714093852,0.7773807143104471,0.8039699784412415,0.0025170045309276957,0.8021694218676829,0.8057705350148001,0.114459205582394,0.005655951119340656,0.11041318188934116,0.11850522927544685,114.45920558239398,5.655951119340655,110.41318188934113,118.50522927544682,98892.7536231884,4886.741767110326,95396.98915239074,102388.51809398606,0.875433960170913,0.039619140578214196,0.8470921343496649,0.9037757859921611,0.766011290012188,0.003637683794971745,0.7634090477877175,0.7686135322366586,0.782698594540222,0.0032893581362799596,0.7803455294812233,0.7850516595992206,0.8775466975515774,0.003887799301040312,0.8747655334725504,0.8803278616306045,0.9014918645728859,0.002200952041604224,0.8999173983302141,0.9030663308155576
Isolation Forest,0.01,10,0.9085870472129166,0.13429423299305934,0.8125187402092982,1.004655354216535,0.0025027252228709664,0.0019763446626220186,0.0010889334198860422,0.003916517025855891,0.004985538519794787,0.003935132074366874,0.002170514614489777,0.007800562425099798,5.367686527106817e-05,2.9256004160476806e-05,3.274838065376459e-05,7.460534988837174e-05,0.05367686527106817,0.029256004160476808,0.03274838065376459,0.07460534988837175,46.3768115942029,25.27718759465196,28.294600884852606,64.45902230355318,2024.2628571428572,1088.4445499961525,1187.6103127323354,2860.915401553379,0.0048624029764577584,0.003948527167923869,0.0020377967984706287,0.007687009154444888,0.0004470647405627428,0.00037371636811569435,0.00017972415575690578,0.0007144053253685798,0.8718445257977546,0.00427373600760232,0.8687872792304208,0.8749017723650885,0.8653571207318093,0.012168709112597655,0.8566521506313644,0.8740620908322542
Isolation Forest,0.02,10,0.9161056577540838,0.11798216323003494,0.8317063025061201,1.0005050130020474,0.003804859109710753,0.001963220598856057,0.0024004556963752085,0.005209262523046297,0.007572637591577533,0.003904267990826291,0.004779692521579734,0.010365582661575331,0.00011965467883342279,6.542903306339126e-05,7.284956818054289e-05,0.00016645978948630268,0.1196546788334228,0.06542903306339125,0.07284956818054292,0.1664597894863027,103.38164251207729,56.53068456677004,62.942026907989074,143.8212581161655,1173.4670282658517,819.7310878209908,587.0667335542605,1759.8673229774429,0.007075501956507793,0.0037370702673459573,0.004402162932664224,0.00974884098035136,0.0009556008829528628,0.0005969297915326646,0.000528583034200342,0.0013826187317053835,0.8718445257977546,0.00427373600760232,0.8687872792304208,0.8749017723650885,0.8653571207318093,0.012168709112597655,0.8566521506313644,0.8740620908322542
Isolation Forest,0.05,10,0.9112263002291618,0.06952501421674734,0.861491101171503,0.9609614992868207,0.0052981319157196834,0.003140868611890415,0.00305128986345738,0.007544973967981987,0.010518550453358427,0.006209153088283675,0.00607678991142562,0.014960310995291234,0.00026391125424941853,0.00011515687430458418,0.00018153298894563847,0.0003462895195531986,0.2639112542494185,0.11515687430458417,0.18153298894563846,0.3462895195531986,228.01932367149757,99.49553939916072,156.8445024490316,299.19414489396354,477.6005298222649,271.6391655584528,283.28157680791696,671.9194828366128,0.009208416190903842,0.005799011462996286,0.0050600532930464015,0.013356779088761282,0.0018916426835061052,0.0010534988164139145,0.00113801502975249,0.0026452703372597205,0.8718445257977546,0.00427373600760232,0.8687872792304208,0.8749017723650885,0.8653571207318093,0.012168709112597655,0.8566521506313644,0.8740620908322542
Isolation Forest,0.1,10,0.915512808661551,0.015860050077604302,0.9041672123094963,0.9268584050136058,0.008674421730105875,0.0026297476755413013,0.0067932135694471025,0.010555629890764646,0.017174268348618627,0.005143728614086678,0.013494666562092805,0.020853870135144448,0.0005747897656110217,8.388252626608936e-05,0.000514783821156309,0.0006347957100657344,0.5747897656110217,0.08388252626608939,0.5147838211563089,0.6347957100657344,496.61835748792265,72.4745026939012,444.7732214790509,548.4634934967944,177.1825632998231,24.540973157112447,159.627008672642,194.7381179270042,0.014106100455449355,0.005108490371386258,0.01045170658919355,0.01776049432170516,0.003942552180837688,0.0008926195567532732,0.0033040106165097604,0.0045810937451656155,0.8718445257977546,0.00427373600760232,0.8687872792304208,0.8749017723650885,0.8653571207318093,0.012168709112597655,0.8566521506313644,0.8740620908322542
Isolation Forest,0.2,10,0.8989591131335258,0.019086868745542104,0.8853051897630466,0.912613036504005,0.016732121791330056,0.005729854862572582,0.012633230545179164,0.020831013037480948,0.032800083997021424,0.010949887315602227,0.02496700648620479,0.04063316150783806,0.0013296206834854177,0.00010783542068695492,0.0012524798705887527,0.0014067614963820827,1.329620683485418,0.1078354206869549,1.252479870588753,1.4067614963820831,1148.7922705314008,93.16980347352906,1082.1426081886823,1215.4419328741194,75.66149117548807,6.219180410771531,71.21255751916517,80.11042483181096,0.02590608762589005,0.01205902794827008,0.01727957870380179,0.03453259654797831,0.00874011567800162,0.0010821554020093707,0.007965988337840756,0.009514243018162484,0.8718445257977546,0.00427373600760232,0.8687872792304208,0.8749017723650885,0.8653571207318093,0.012168709112597655,0.8566521506313644,0.8740620908322542
Isolation Forest,0.5,10,0.907335444390313,0.03070785645630195,0.8853683672067415,0.9293025215738845,0.0752669225140741,0.047059498521939594,0.04160258525488833,0.10893125977325988,0.13621836205311047,0.07520424067067345,0.08242048913106428,0.19001623497515666,0.004782832349257469,0.00022421514067560725,0.004622438499951989,0.004943226198562949,4.78283234925747,0.2242151406756073,4.62243849995199,4.94322619856295,4132.367149758454,193.72188154372466,3993.7868639585195,4270.947435558388,20.949201011278898,0.9747128960848621,20.251933409725925,21.64646861283187,0.11313426133812303,0.09015796392534109,0.04863913921587623,0.17762938346036983,0.04227835368409287,0.01785479844784963,0.029505800309709333,0.05505090705847641,0.8718445257977546,0.00427373600760232,0.8687872792304208,0.8749017723650885,0.8653571207318093,0.012168709112597655,0.8566521506313644,0.8740620908322542
Isolation Forest,1.0,10,0.9430464554707854,0.022762391701605333,0.9267632213706326,0.9593296895709381,0.2693475891110547,0.12518502539288184,0.17979561667214367,0.3588995615499658,0.4072027859159825,0.1443761746024137,0.3039222923565194,0.5104832794754457,0.010339506172839507,0.0003969877744342454,0.010055518226812044,0.010623494118866969,10.339506172839506,0.3969877744342457,10.055518226812044,10.623494118866969,8933.333333333334,342.997437111188,8687.967747965607,9178.69891870106,9.684156073939667,0.36264292110067975,9.424736955928921,9.943575191950412,0.30203989992943747,0.17874434123321759,0.17417390102507824,0.4299058988337967,0.24086730559669173,0.18108964754885803,0.1113235756228225,0.370411035570561,0.8718445257977546,0.00427373600760232,0.8687872792304208,0.8749017723650885,0.8653571207318093,0.012168709112597655,0.8566521506313644,0.8740620908322542
Isolation Forest,2.0,10,0.9519483507310131,0.020450876781018607,0.9373186747925564,0.9665780266694699,0.6161079337584183,0.19364802594112937,0.477580481073845,0.7546353864429917,0.7321620469287005,0.16600163753026095,0.6134116291189893,0.8509124647384116,0.020545938450527823,0.0006116163963274269,0.020108414437610106,0.02098346246344554,20.54593845052782,0.6116163963274274,20.108414437610104,20.983462463445537,17751.690821256037,528.4365664268975,17373.67007409513,18129.711568416944,4.87090696744117,0.14058822258570458,4.770336211516345,4.971477723365994,0.6021842324716145,0.20966445771918973,0.45219931470559765,0.7521691502376313,0.6282377266757943,0.21426278728910825,0.4749633620960071,0.7815120912555814,0.8718445257977546,0.00427373600760232,0.8687872792304208,0.8749017723650885,0.8653571207318093,0.012168709112597655,0.8566521506313644,0.8740620908322542
Isolation Forest,5.0,10,0.9142852603980314,0.0018035111364084538,0.9129951062516066,0.9155754145444561,0.7608896919378201,0.0008758907447579805,0.7602631174446817,0.7615162664309585,0.830563357911762,0.0009371290375152979,0.8298929761829897,0.8312337396405342,0.0534219001610306,0.0012288720334752634,0.05254281806532986,0.05430098225673134,53.4219001610306,1.2288720334752634,52.542818065329854,54.300982256731345,46156.52173913043,1061.745436922628,45396.994808444986,46916.04866981588,1.872762857450685,0.04210140790004979,1.8426453245582963,1.9028803903430735,0.7514786067098596,0.0008892693552681215,0.7508424617353004,0.7521147516844187,0.7690882673447149,0.0008856926603032356,0.7684546809835995,0.7697218537058304,0.8718445257977546,0.00427373600760232,0.8687872792304208,0.8749017723650885,0.8653571207318093,0.012168709112597655,0.8566521506313644,0.8740620908322542
Isolation Forest,10.0,10,0.8476224622019297,0.0010371599738440678,0.846880522652044,0.8483644017518154,0.7700598802395209,0.0006112982165864113,0.7696225838386782,0.7704971766403635,0.8069813263745413,0.0005596151603929952,0.8065810018048684,0.8073816509442143,0.1036701556629093,0.0008424648651504304,0.10306749260358629,0.1042728187222323,103.6701556629093,0.8424648651504317,103.06749260358629,104.2728187222323,89571.01449275362,727.8896434899702,89050.31360949854,90091.7153760087,0.9646548334260052,0.007803668836852794,0.9590724250316545,0.970237241820356,0.7606292898838924,0.0005907269465031254,0.7602067092831685,0.7610518704846164,0.7782754477632792,0.0006779368751060613,0.7777904809378599,0.7787604145886985,0.8718445257977546,0.00427373600760232,0.8687872792304208,0.8749017723650885,0.8653571207318093,0.012168709112597655,0.8566521506313644,0.8740620908322542
LSTM AE,0.01,10,0.9993074884891715,8.583341965101609e-06,0.9993013483362204,0.9993136286421226,0.739456098291879,0.00029850688131645816,0.7392425593328494,0.7396696372509085,0.8499648782426595,0.00019775087180385056,0.849823415790853,0.8501063406944661,0.0003826359364511076,4.7173531142960786e-06,0.0003792613453228937,0.00038601052757932154,0.38263593645110755,0.004717353114296086,0.37926134532289363,0.38601052757932147,330.59744909375695,4.075793090751797,327.6818023589801,333.5130958285338,261.3801680672269,3.166883778889084,259.11471588559215,263.6456202488617,0.7318178893178893,1.017463854622268e-05,0.7318106108199395,0.7318251678158391,0.7461132922041502,0.0005675428217913052,0.7457072965271477,0.7465192878811527,0.882654073926043,0.000112142519237964,0.8825738520004531,0.8827342958516329,0.9049600981990416,4.26253940219318e-05,0.9049296058290582,0.9049905905690249
LSTM AE,0.02,10,0.9992307192882277,3.0731141428559104e-07,0.9992304994508853,0.9992309391255702,0.7395684746778544,0.0002959682081084881,0.7393567517762362,0.7397801975794726,0.8500113359787868,0.000195509724250896,0.8498714767473594,0.8501511952102141,0.00042515104050123065,5.714247181928225e-20,0.0004251510405012306,0.0004251510405012307,0.4251510405012307,0.0,0.4251510405012307,0.4251510405012307,367.3304989930633,0.0,367.3304989930633,367.3304989930633,235.2105263157895,2.995911226518785e-14,235.21052631578948,235.21052631578954,0.7318693693693693,2.2751183435895884e-05,0.7318530941531795,0.7318856445855592,0.7462787436904095,0.0005685964413195543,0.7458719942994012,0.7466854930814177,0.882654073926043,0.000112142519237964,0.8825738520004531,0.8827342958516329,0.9049600981990416,4.26253940219318e-05,0.9049296058290582,0.9049905905690249
LSTM AE,0.05,10,0.9990499809386149,4.1339145000564097e-07,0.9990496852161862,0.9990502766610435,0.7405708720407551,0.0003229132596975004,0.740339873810401,0.7408018702711092,0.8506075142186672,0.00021305100607932494,0.8504551067101443,0.8507599217271901,0.0005258447079883643,0.0,0.0005258447079883643,0.0005258447079883643,0.5258447079883642,0.0,0.5258447079883642,0.5258447079883642,454.3298277019468,5.99182245303757e-14,454.3298277019467,454.32982770194684,190.1702127659575,2.995911226518785e-14,190.17021276595747,190.17021276595753,0.7326737451737453,5.087319273114851e-05,0.7326373526839963,0.7327101376634942,0.7474537296690971,0.0005600417895883908,0.7470530999072829,0.7478543594309113,0.882654073926043,0.000112142519237964,0.8825738520004531,0.8827342958516329,0.9049600981990416,4.26253940219318e-05,0.9049296058290582,0.9049905905690249
LSTM AE,0.1,10,0.9986313610550528,3.830133787382284e-07,0.9986310870637872,0.9986316350463184,0.743428228948157,0.0002084809964750022,0.7432790906275649,0.743577367268749,0.8523367806313267,0.00013711717148291667,0.8522386929157793,0.8524348683468741,0.000760796598791676,0.0,0.000760796598791676,0.000760796598791676,0.7607965987916759,0.0,0.7607965987916759,0.7607965987916759,657.3282613560079,1.198364490607514e-13,657.3282613560078,657.328261356008,131.44117647058826,0.0,131.44117647058826,131.44117647058826,0.7348455598455599,0.0,0.7348455598455599,0.7348455598455599,0.7509085810431857,0.00039018568998148284,0.7506294590152465,0.7511877030711249,0.882654073926043,0.000112142519237964,0.8825738520004531,0.8827342958516329,0.9049600981990416,4.26253940219318e-05,0.9049296058290582,0.9049905905690249
LSTM AE,0.2,10,0.9967260135906738,1.8598762857174332e-05,0.9967127088372214,0.9967393183441262,0.7449011087803417,0.00011841298677030264,0.7448164012324989,0.7449858163281844,0.8526076544026016,7.30918330160094e-05,0.8525553676550836,0.8526599411501196,0.001827030655627657,1.0614044507166274e-05,0.0018194378255891757,0.0018346234856661385,1.8270306556276572,0.010614044507166277,1.8194378255891759,1.8346234856661385,1578.5544864622957,9.170534454191644,1571.994281309048,1585.1146916155435,54.73527992949262,0.31765371103377316,54.5080441535974,54.96251570538784,0.7354890604890605,0.0,0.7354890604890605,0.7354890604890605,0.7531043185642176,0.00022161757535190798,0.7529457829012051,0.75326285422723,0.882654073926043,0.000112142519237964,0.8825738520004531,0.8827342958516329,0.9049600981990416,4.26253940219318e-05,0.9049296058290582,0.9049905905690249
LSTM AE,0.5,10,0.9909647066125075,4.184975739919739e-05,0.9909347690995387,0.9909946441254762,0.7465732694036561,3.9987251825478664e-05,0.7465446642469119,0.7466018745604003,0.851581687094796,3.650978634906579e-05,0.8515555695669956,0.8516078046225963,0.005082792571044976,2.3616230624282244e-05,0.0050658985373749,0.005099686604715052,5.082792571044976,0.023616230624282104,5.0658985373749,5.099686604715052,4391.53278138286,20.40442325937997,4376.936336291914,4406.129226473806,19.67460467244265,0.09101531188506534,19.609496240536597,19.739713104348706,0.7368951093951094,0.00015619533877948909,0.736783373980833,0.7370068448093857,0.7550084127874368,7.843027468090955e-05,0.7549523071488067,0.7550645184260669,0.882654073926043,0.000112142519237964,0.8825738520004531,0.8827342958516329,0.9049600981990416,4.26253940219318e-05,0.9049296058290582,0.9049905905690249
LSTM AE,1.0,10,0.9824042126623217,9.994439516684281e-05,0.982332716749026,0.9824757085756174,0.7537368894216363,5.6594607828243596e-05,0.7536964040780857,0.7537773747651869,0.853011648000616,3.367146740482858e-05,0.8529875608838738,0.8530357351173582,0.010080554933989705,5.873057264124565e-05,0.010038541613259178,0.010122568254720233,10.080554933989708,0.058730572641245274,10.03854161325918,10.122568254720235,8709.599462967108,50.74321476203647,8673.299953855932,8745.898972078283,9.920392121255494,0.05784965666080917,9.879008969855153,9.961775272655835,0.7440894465894466,1.5542017102293626e-05,0.7440783285001799,0.7441005646787134,0.7621452607964105,0.0001077605742154018,0.7620681735254542,0.7622223480673669,0.882654073926043,0.000112142519237964,0.8825738520004531,0.8827342958516329,0.9049600981990416,4.26253940219318e-05,0.9049296058290582,0.9049905905690249
LSTM AE,2.0,10,0.9680556556629266,0.00013106234298453746,0.9679618993107599,0.9681494120150933,0.7541144740785135,3.545747547559475e-05,0.7540891093285638,0.7541398388284632,0.8477963544025549,5.9802058498034536e-05,0.8477535745870171,0.8478391342180926,0.018581338106959052,7.854782496845442e-05,0.018525148377918892,0.018637527835999212,18.581338106959052,0.07854782496845489,18.525148377918892,18.63752783599921,16054.276124412621,67.86532077274514,16005.728198521923,16102.82405030332,5.381830216511326,0.022730763397965842,5.365569607936606,5.398090825086046,0.7443564993564993,1.6615115170332533e-05,0.7443446136191186,0.7443683850938799,0.7626191811553562,6.995059612590135e-05,0.7625691415133408,0.7626692207973716,0.882654073926043,0.000112142519237964,0.8825738520004531,0.8827342958516329,0.9049600981990416,4.26253940219318e-05,0.9049296058290582,0.9049905905690249
LSTM AE,5.0,10,0.9189610107301938,0.00016185804936786694,0.9188452244567915,0.919076797003596,0.7554330236739586,2.8429226792020224e-05,0.7554126866302415,0.7554533607176757,0.8292116157575202,7.848426510711331e-05,0.8291554714964658,0.8292677600185746,0.04974379055717163,0.0001068522133908282,0.049667353088404254,0.04982022802593901,49.74379055717163,0.10685221339082847,49.66735308840425,49.82022802593901,42978.63504139629,92.32031236967475,42912.59306838127,43044.6770144113,2.0103095201174144,0.0043229468302009915,2.007217070248286,2.0134019699865426,0.7459427284427285,1.0174638546257788e-05,0.7459354499447787,0.7459500069406783,0.7637044307347167,6.207499613341852e-05,0.7636600249575446,0.7637488365118889,0.882654073926043,0.000112142519237964,0.8825738520004531,0.8827342958516329,0.9049600981990416,4.26253940219318e-05,0.9049296058290582,0.9049905905690249
LSTM AE,10.0,10,0.8482764588268129,5.368464583282114e-05,0.8482380551446718,0.848314862508954,0.7747557686544801,0.00010869220264695539,0.7746780149366915,0.7748335223722688,0.8098509237102745,4.269563468336359e-05,0.8098203810931489,0.8098814663274,0.10347281270977848,5.536613279598963e-05,0.10343320616432598,0.10351241925523098,103.47281270977848,0.055366132795988024,103.43320616432598,103.51241925523098,89400.51018124861,47.836338735736085,89366.29012597766,89434.73023651956,0.9664376869906626,0.0005173973752772136,0.9660675632051269,0.9668078107761983,0.7656595881595882,0.00010513793164437312,0.765584377014107,0.7657347993050695,0.7826836791923725,0.00012627833320346784,0.782593345114641,0.782774013270104,0.882654073926043,0.000112142519237964,0.8825738520004531,0.8827342958516329,0.9049600981990416,4.26253940219318e-05,0.9049296058290582,0.9049905905690249
One-Class SVM,0.01,10,0.9995651035873723,2.5431947404778273e-05,0.999546910668164,0.9995832965065805,0.7413382710887453,3.906683763716207e-05,0.7413103243566471,0.7413662178208434,0.8513003944182627,1.7001514414154277e-05,0.8512882322675145,0.8513125565690108,0.00024154589371980678,1.414509599288056e-05,0.0002314271016156817,0.00025166468582393185,0.2415458937198068,0.014145095992880571,0.23142710161568172,0.2516646858239319,208.69565217391306,12.22136293784881,199.95301579594897,217.43828855187715,415.18285714285713,22.44313630816643,399.1280045931693,431.23770969254497,0.7326319840913464,0.0,0.7326319840913464,0.7326319840913464,0.7489228533907066,7.310036368843404e-05,0.7488705605407131,0.7489751462407002,0.8356424653069832,0.0010619103401390542,0.8348828204116431,0.8364021102023232,0.8804986657388032,0.00039196838707496477,0.8802182684461869,0.8807790630314195
One-Class SVM,0.02,10,0.9994887379236458,9.057063575283659e-05,0.9994239475938819,0.9995535282534097,0.741481625278122,0.0001511085835193478,0.74137352870935,0.741589721846894,0.851367192883715,0.0001036982453256972,0.8512930116277843,0.8514413741396457,0.0002840400787260691,5.0342765599493436e-05,0.00024802703368880907,0.00032005312376332917,0.2840400787260691,0.050342765599493446,0.24802703368880907,0.3200531237633292,245.41062801932367,43.49614947796234,214.295357107131,276.52589893151634,361.6737473816506,60.55467312132622,318.35554377551375,404.9919509877875,0.7327666944640452,0.0001911322084383241,0.7326299667187854,0.7329034222093049,0.7490737377406466,0.00013052686983044837,0.7489803644428986,0.7491671110383945,0.8356424653069832,0.0010619103401390542,0.8348828204116431,0.8364021102023232,0.8804986657388032,0.00039196838707496477,0.8802182684461869,0.8807790630314195
One-Class SVM,0.05,10,0.9991478011824195,5.2782515004051175e-05,0.9991100428457969,0.9991855595190422,0.7423178580494871,0.0003876633862852681,0.742040540368916,0.7425951757300583,0.85179423995134,0.0002518817787856283,0.8516140545813975,0.8519744253212824,0.0004741456432277688,2.9445365387564098e-05,0.0004530816977489453,0.0004952095887065924,0.47414564322776875,0.029445365387564065,0.45308169774894524,0.49520958870659226,409.6618357487923,25.440795694855375,391.4625868550888,427.8610846424959,211.63227906976743,13.004059503458787,202.32973529831474,220.93482284122013,0.7334787350054526,0.00017645503056236755,0.7333525066807465,0.7336049633301587,0.7500181620050853,0.0006259294432879893,0.7495703990551789,0.7504659249549918,0.8356424653069832,0.0010619103401390542,0.8348828204116431,0.8364021102023232,0.8804986657388032,0.00039196838707496477,0.8802182684461869,0.8807790630314195
One-Class SVM,0.1,10,0.9988355939390555,0.0002035919596340547,0.9986899530247312,0.9989812348533799,0.7440440814132334,0.0010249988137792084,0.7433108414331847,0.7447773213932821,0.8528153899134494,0.0006002419124178666,0.8523860027161483,0.8532447771107505,0.0006497137233852209,0.00011482458284896012,0.0005675731650690165,0.0007318542817014252,0.6497137233852209,0.1148245828489601,0.5675731650690166,0.7318542817014253,561.352657004831,99.20843958150154,490.3832146196305,632.3220993900316,157.4688911088911,22.369687383283537,141.4665807548544,173.47120146292784,0.7353422284944513,0.000803947329193157,0.7347671192204763,0.7359173377684263,0.7516248009164828,0.0012774207573881906,0.7507109891558549,0.7525386126771106,0.8356424653069832,0.0010619103401390542,0.8348828204116431,0.8364021102023232,0.8804986657388032,0.00039196838707496477,0.8802182684461869,0.8807790630314195
One-Class SVM,0.2,10,0.9976122939997429,0.00010806232265315849,0.9975349908709578,0.9976895971285281,0.7499141368136545,0.0006034271701675879,0.7494824710202248,0.7503458026070842,0.8562084304656791,0.00036301960507458355,0.8559487418841862,0.8564681190471719,0.0013441581678296653,6.188198833854342e-05,0.0012998904601164922,0.0013884258755428385,1.3441581678296655,0.06188198833854343,1.2998904601164922,1.3884258755428387,1161.3526570048311,53.46603792450153,1123.1053575406495,1199.5999564690128,74.53016752852155,3.238606738718224,72.21340783225634,76.84692722478675,0.7411989223170183,0.0004997424883087254,0.7408414280767998,0.7415564165572369,0.7575064964095113,0.000816671061192746,0.7569222851259807,0.7580907076930419,0.8356424653069832,0.0010619103401390542,0.8348828204116431,0.8364021102023232,0.8804986657388032,0.00039196838707496477,0.8802182684461869,0.8807790630314195
One-Class SVM,0.5,10,0.9918385034496427,0.00015301529754037396,0.9917290428998281,0.9919479639994574,0.7554661251063957,7.776815419493562e-05,0.7554104931202277,0.7555217570925636,0.857664277753557,3.613374370852655e-05,0.8576384292304565,0.8576901262766575,0.004655349794238683,8.83754108186788e-05,0.004592129833791547,0.00471856975468582,4.655349794238683,0.08837541081867872,4.592129833791547,4.718569754685819,4022.2222222222217,76.35635494733842,3967.6001763958957,4076.8442680485477,21.487603052321372,0.40624327443183633,21.196994120452423,21.77821198419032,0.7453428699724165,7.259069513443445e-05,0.7452909417173429,0.7453947982274901,0.7642851155382939,8.53628339239402e-05,0.7642240506455332,0.7643461804310546,0.8356424653069832,0.0010619103401390542,0.8348828204116431,0.8364021102023232,0.8804986657388032,0.00039196838707496477,0.8802182684461869,0.8807790630314195
One-Class SVM,1.0,10,0.9701729097367497,0.002298876106812006,0.9685283928377708,0.9718174266357287,0.7572879179297266,0.00011175738989450163,0.7572079715090723,0.757367864350381,0.8506118169916963,0.0008810788162927205,0.8499815311757568,0.8512421028076358,0.01743827160493827,0.0013852508034027035,0.016447322876222737,0.018429220333653806,17.438271604938272,1.385250803402703,16.44732287622274,18.429220333653806,15066.666666666666,1196.8566941399363,14210.486965056443,15922.846368276889,5.767383644897547,0.4605555789982019,5.437922030877865,6.096845258917228,0.7471358008852396,0.00015028788154729489,0.747028291411291,0.7472433103591881,0.7661320517477437,8.581891642526666e-05,0.7660706605932159,0.7661934429022714,0.8356424653069832,0.0010619103401390542,0.8348828204116431,0.8364021102023232,0.8804986657388032,0.00039196838707496477,0.8802182684461869,0.8807790630314195
One-Class SVM,2.0,10,0.8850946188690033,0.007930368759179303,0.8794215748102304,0.8907676629277762,0.7585691459972821,0.00024460620924998287,0.7583941652562518,0.7587441267383124,0.8169468477894244,0.0033117101337802987,0.8145777930746516,0.8193159025041972,0.07379562533548041,0.005766414857758218,0.06967058064429123,0.0779206700266696,73.79562533548041,5.766414857758219,69.67058064429122,77.9206700266696,63759.42028985508,4982.1824371031,60195.38167666762,67323.45890304254,1.3625613519784916,0.10632932651580701,1.2864979339481994,1.4386247700087837,0.7484764898325743,0.00022980077041723115,0.7483121002644589,0.7486408794006897,0.7673614797842914,0.0002700855552526823,0.7671682722171385,0.7675546873514443,0.8356424653069832,0.0010619103401390542,0.8348828204116431,0.8364021102023232,0.8804986657388032,0.00039196838707496477,0.8802182684461869,0.8807790630314195
One-Class SVM,5.0,10,0.7956525867123826,0.0046722442118796535,0.792310264549033,0.7989949088757322,0.760710499201099,0.0004006407618720236,0.7604238980652805,0.7609971003369175,0.7777822102282739,0.0020222023935055912,0.7763356137808093,0.7792288066757385,0.14633319914117016,0.004241822693840987,0.14329878198322793,0.14936761629911238,146.33319914117016,4.241822693840983,143.2987819832279,149.3676162991124,126431.88405797102,3664.9348074786135,123810.14763350892,129053.62048243312,0.6839105773204273,0.02064761959712963,0.6691401600497654,0.6986809945910891,0.7512508820322022,0.00035627863029383434,0.7509960156535718,0.7515057484108327,0.7689513537679176,0.00044628791158217646,0.768632098628316,0.7692706089075191,0.8356424653069832,0.0010619103401390542,0.8348828204116431,0.8364021102023232,0.8804986657388032,0.00039196838707496477,0.8802182684461869,0.8807790630314195
One-Class SVM,10.0,10,0.7365738556445418,0.0026008933627869315,0.7347132886157789,0.7384344226733047,0.7617841623486196,0.0003049105596944718,0.7615660424740387,0.7620022822232004,0.7489643466348108,0.001201152246236321,0.7481050940803435,0.7498235991892781,0.20403359277151548,0.0027994212026357544,0.20203100748148928,0.20603617806154167,204.03359277151546,2.799421202635753,202.03100748148927,206.03617806154165,176285.02415458937,2418.6999190772935,174554.79046400674,178015.257845172,0.4901998836191642,0.0068442122655099965,0.4853038291091025,0.4950959381292259,0.7525466675219705,0.0002285288696850467,0.7523831878168277,0.7527101472271134,0.7698315124759005,0.000380217271171796,0.7695595214251985,0.7701035035266026,0.8356424653069832,0.0010619103401390542,0.8348828204116431,0.8364021102023232,0.8804986657388032,0.00039196838707496477,0.8802182684461869,0.8807790630314195
